run,ml_accuracy,ml_f1,rule_accuracy,rule_f1,hybrid_accuracy,hybrid_f1
1,0.5975,0.595665679066451,0.5435,0.5378740602016002,0.556,0.5456106547745107
2,0.601,0.5967948270572966,0.5625,0.5512721916746458,0.5645,0.5535238120905356
3,0.597,0.5916550281016341,0.547,0.5368552903786997,0.53,0.5223585013138766
4,0.62,0.6197741766898407,0.5575,0.5502252157441966,0.5965,0.5891172563175919
5,0.6075,0.6036498130834137,0.543,0.5364380246276858,0.5735,0.5657339275266624
6,0.613,0.6102322183953447,0.5625,0.549669807724447,0.586,0.5741008869120914
7,0.607,0.6058292421507421,0.56,0.5482741616465792,0.575,0.5636506086088582
8,0.607,0.605187198220355,0.536,0.5299458060292433,0.5585,0.5519736498608512
9,0.615,0.6113713720423011,0.5515,0.5437820483818584,0.563,0.558567572382856
10,0.61,0.6093697853125245,0.548,0.5431023417103029,0.5755,0.5639253984544496
11,0.5985,0.5956070167712691,0.545,0.5358837336464981,0.5615,0.5570601188267191
12,0.6095,0.6047356176680451,0.5545,0.5439320945980352,0.575,0.5663716104328275
13,0.594,0.592962131206732,0.544,0.5381696242583522,0.5565,0.5472279063655184
14,0.6125,0.6108136032738618,0.565,0.5543557626069636,0.554,0.5429324587467921
15,0.631,0.6287722715385348,0.572,0.5638620783979114,0.568,0.5598450680556274
16,0.5955,0.5903773655651537,0.54,0.5304227897004641,0.5575,0.5477040449304412
17,0.6025,0.599414632644817,0.556,0.5476622813616636,0.5645,0.5585564526658495
18,0.5935,0.5889600837526698,0.545,0.5320712699566413,0.557,0.5491577257611256
19,0.6085,0.6079788760873585,0.553,0.5428198289751632,0.577,0.565991444953804
20,0.601,0.6026334097282423,0.5515,0.5438165800390719,0.57,0.5604575726119215
21,0.609,0.6055436569609646,0.543,0.5326784724528545,0.58,0.5707056458133996
22,0.604,0.6006661241954804,0.557,0.5442788453258217,0.5375,0.5297643693045627
23,0.596,0.5945122117460263,0.5405,0.5288914271903337,0.563,0.5533032897482948
24,0.6,0.5964536672809532,0.5555,0.5474203262029458,0.567,0.5588920237902958
25,0.6005,0.5951812717922956,0.557,0.544592309822595,0.5525,0.5433095465289371
26,0.606,0.6038121597453435,0.557,0.5460241491740184,0.5525,0.5463869669599237
27,0.5945,0.5921948386026056,0.5715,0.5605333756527079,0.56,0.5509819905923802
28,0.619,0.6151015435345567,0.5465,0.5309189814757708,0.5515,0.5409860538807991
29,0.5945,0.5885771182686277,0.5385,0.5250748649565781,0.5595,0.5541517174300816
30,0.5955,0.5919111966723243,0.5515,0.5434121049249777,0.556,0.5450872748443253
31,0.6025,0.596680161047446,0.5615,0.5480180899175312,0.5695,0.5645595064622686
32,0.6055,0.6023079618059697,0.555,0.5471881963238441,0.5465,0.5376812316786773
33,0.609,0.6046261638667924,0.5475,0.5379715168541676,0.555,0.5479031058410015
34,0.6005,0.5972716706756639,0.565,0.554724193960248,0.557,0.5460681552728985
35,0.603,0.6002883159002528,0.555,0.5488143547870195,0.57,0.5610515331088298
36,0.603,0.5985149723458,0.5385,0.5283000877580126,0.562,0.5535485818326218
37,0.5995,0.5983086186262069,0.5565,0.5469672298114482,0.5795,0.5678765595728598
38,0.6285,0.6255696980129541,0.5365,0.5262492766481078,0.5365,0.5297197911457966
39,0.613,0.6081006648424648,0.559,0.5499903587055165,0.5595,0.5479611879188063
40,0.595,0.5951748630743489,0.55,0.5406736633340082,0.5555,0.5445716932513255
41,0.589,0.5878510112062718,0.546,0.5379552705750639,0.547,0.5390572397140474
42,0.6105,0.6047982825872272,0.558,0.5437884146920949,0.567,0.5624045124565784
43,0.611,0.6050889226293066,0.544,0.534855492631806,0.5685,0.5642655427521627
44,0.602,0.5969899476419201,0.561,0.551467635102587,0.56,0.5529223644567028
45,0.614,0.6132875954813959,0.5505,0.5411560406013602,0.568,0.5597169860042349
46,0.5995,0.5982159892594919,0.5505,0.5417224205609665,0.5735,0.5629839783927687
47,0.596,0.5916636826921188,0.5555,0.5460211038917812,0.5445,0.5365067125744615
48,0.6085,0.6045746768814717,0.555,0.5436453823443815,0.556,0.544987085468524
49,0.6005,0.5964834561030079,0.557,0.547236270446155,0.5685,0.5605746334213056
50,0.6035,0.5987380992562901,0.5545,0.538158287074085,0.543,0.5321005507689026
51,0.606,0.6048757430457798,0.5605,0.5541197879132111,0.5665,0.5595499950062915
52,0.594,0.5920596798585739,0.56,0.5472629596947188,0.568,0.5589289811245033
53,0.602,0.5946890383686377,0.537,0.5252459294069572,0.554,0.5490067769934385
54,0.6285,0.6244830718616757,0.5525,0.5417249135393881,0.5675,0.5601016192637159
55,0.603,0.5998925690964511,0.5505,0.5410385598728663,0.543,0.5349689400155855
56,0.5935,0.5896864678327814,0.533,0.5170224671300202,0.555,0.548490450098526
57,0.6065,0.6053494514510125,0.5605,0.554893718085738,0.587,0.5780588559974436
58,0.597,0.5931053231605717,0.548,0.5396080550597789,0.552,0.5412760140941629
59,0.6055,0.6013917258540945,0.536,0.5240662666194967,0.557,0.5506774199681029
60,0.5985,0.5957526253809745,0.542,0.5308018398379845,0.557,0.550658790691977
61,0.609,0.6026527228172776,0.556,0.5433410056547291,0.558,0.552722692329909
62,0.586,0.5844356102805204,0.5535,0.5441168203937128,0.56,0.5516865059217331
63,0.603,0.5998025678784585,0.5475,0.5372693853049749,0.5635,0.5535376221788747
64,0.5935,0.5872625761953135,0.54,0.5262967797685336,0.5625,0.5523023392966292
65,0.6215,0.6157933543229737,0.567,0.5544996122738076,0.571,0.5614924767453342
66,0.604,0.6024159324327153,0.5505,0.5387072088165649,0.5655,0.5575904011421983
67,0.603,0.6014788969446297,0.563,0.5552614077898439,0.573,0.5612488047775794
68,0.5965,0.5943202344128623,0.565,0.5523961658837395,0.5635,0.5533031801290783
69,0.628,0.6272392974026825,0.552,0.5435573149449298,0.577,0.567671611608031
70,0.598,0.598492143232434,0.55,0.5436953122524095,0.5585,0.5481325647414582
71,0.5965,0.5943368327058468,0.554,0.5474869964913577,0.57,0.5629667533417824
72,0.6025,0.5995013381609535,0.5495,0.5372364219383255,0.5535,0.5443111480896904
73,0.599,0.5966576112315083,0.535,0.5238535332705309,0.542,0.5319524455742255
74,0.619,0.6139183995582571,0.545,0.5334908208235293,0.556,0.5485127993039534
75,0.584,0.5799526514476677,0.551,0.5410079162311902,0.5515,0.5473337848530826
76,0.5925,0.5913969133057506,0.5515,0.5439875237311437,0.5495,0.5415598565417127
77,0.602,0.5984848198533606,0.5505,0.5422927728395429,0.5525,0.5449740133265593
78,0.6045,0.6051053687034081,0.558,0.5528373143571317,0.5665,0.5588914379186658
79,0.606,0.601732461902711,0.548,0.5344316713415013,0.553,0.5427135460772946
80,0.593,0.5925484737520561,0.556,0.548070523261364,0.5595,0.54963121048686
81,0.603,0.6021441159738917,0.5525,0.5426641376108411,0.5515,0.538455309651099
82,0.619,0.6164352748977259,0.5555,0.5486260135242635,0.5685,0.561601010486057
83,0.6085,0.6039678726542431,0.5505,0.5413372198414083,0.562,0.5519351475898903
84,0.583,0.5732412989642736,0.5475,0.5365356745322467,0.5375,0.5332079848062118
85,0.602,0.5972267880196269,0.532,0.5237298818144769,0.541,0.5338021152781183
86,0.5955,0.5913516931921322,0.5465,0.5373567014469596,0.548,0.5392184616937027
87,0.6025,0.5996973000151459,0.554,0.5380970021017374,0.558,0.5455294768239102
88,0.6165,0.6139058623478673,0.556,0.5471015299052918,0.5715,0.5604211257572079
89,0.6055,0.6034900752004061,0.5605,0.5478657084210824,0.571,0.56056558371073
90,0.623,0.6195397031446174,0.56,0.5489168700321027,0.5715,0.5627399830585383
91,0.605,0.6012491569086014,0.5395,0.5325060963916707,0.5525,0.5440082989987917
92,0.6185,0.6116351563839164,0.5575,0.539381246483686,0.574,0.5663822778955064
93,0.611,0.6080659100269767,0.5495,0.5385832240926389,0.571,0.55907776453548
94,0.603,0.6001579505313845,0.563,0.5546006151612507,0.5655,0.5568188736681887
95,0.6165,0.6140046296296297,0.5525,0.5411369460188782,0.5705,0.562634342236937
96,0.5945,0.595083477424884,0.5605,0.5550794377116727,0.57,0.5613764312890727
97,0.606,0.6043388406463226,0.5675,0.556443203689818,0.6,0.5917397767727843
98,0.603,0.6001445361642798,0.544,0.5363824986836003,0.5665,0.5595179877740333
99,0.608,0.6043502155787844,0.5545,0.5391430110251195,0.557,0.548196656015045
100,0.622,0.6199882485565269,0.5465,0.5329838574374333,0.5595,0.5521441451744101
101,0.5915,0.5863064531727601,0.5225,0.5107955885820462,0.5385,0.5276810240567301
102,0.6245,0.623290362111001,0.535,0.526535836078739,0.56,0.5499478789751828
103,0.605,0.6037025615085508,0.556,0.5502058255636361,0.5695,0.5600034880765596
104,0.584,0.5813379870132648,0.545,0.5365739909670403,0.558,0.5470920723074912
105,0.5985,0.5951237117568935,0.572,0.5622768521623348,0.568,0.562504769795268
106,0.6015,0.5965600058660904,0.561,0.5484835661196131,0.5535,0.5425250871026699
107,0.6,0.5946684968241918,0.5595,0.5510514357511456,0.555,0.5488212137783178
108,0.615,0.6108787296420819,0.567,0.5553429800040668,0.575,0.5609656278697245
109,0.585,0.582776647581765,0.554,0.5486285273145969,0.5485,0.5401118078700256
110,0.592,0.5904793271316471,0.5425,0.5329985449546245,0.5445,0.5355177146281277
111,0.6145,0.6133198544051992,0.573,0.5623677688357799,0.5845,0.5700100160674092
112,0.59,0.5874924480736079,0.539,0.5299292222675037,0.564,0.5553638216602509
113,0.612,0.60691111419412,0.561,0.5499315522124132,0.555,0.5444942327757517
114,0.6035,0.6000104507253793,0.5575,0.5470673435235174,0.556,0.5487844061272608
115,0.6025,0.601353799516242,0.538,0.5298850783733244,0.5505,0.5412881642763271
116,0.608,0.6043477620417002,0.5395,0.52943112392652,0.5705,0.560542613065739
117,0.5955,0.5947834330896553,0.547,0.5377903684219758,0.57,0.5559178987701034
118,0.6085,0.6066785420521023,0.5515,0.539743383727486,0.551,0.5406451593569668
119,0.6115,0.6079955622037267,0.568,0.562371003463137,0.5795,0.5693191786555228
120,0.5995,0.598798155677632,0.552,0.5436728593662251,0.5645,0.555969830075997
121,0.619,0.614417954416466,0.5605,0.5499277899833734,0.5585,0.553336048845271
122,0.596,0.5930371162419071,0.547,0.5325827135096014,0.551,0.538510468751214
123,0.5995,0.59510823101806,0.5505,0.5414362384610896,0.5385,0.5306278728305903
124,0.583,0.5806475748891843,0.5225,0.5091794963319761,0.5315,0.520051935620696
125,0.589,0.5854999758895637,0.5395,0.5297897820168608,0.552,0.5414999883281769
126,0.616,0.6134232372263279,0.551,0.5438219340980683,0.567,0.5574287913455097
127,0.6005,0.5989610908197877,0.552,0.541085267462504,0.5645,0.554469947018584
128,0.6155,0.6123231413796937,0.568,0.5593288954552783,0.574,0.5651273225741114
129,0.593,0.5907428608820992,0.55,0.5426309384572964,0.5505,0.5433248077761496
130,0.6085,0.6082766853466857,0.5635,0.5574845410420898,0.562,0.5504882382721706
131,0.61,0.6080241086966245,0.5605,0.5475531454599328,0.582,0.5676316036626158
132,0.5935,0.5895567079511456,0.556,0.5447302066181157,0.5435,0.5387505807060243
133,0.601,0.5994264284322209,0.5525,0.5421639179842415,0.573,0.5653018199382748
134,0.603,0.5992066268933308,0.5515,0.5372225489039528,0.5595,0.5514362414427787
135,0.603,0.6010959798166087,0.55,0.5375878945496502,0.5595,0.5452845244402874
136,0.5925,0.5895617411992912,0.5625,0.5487424502165373,0.5455,0.537324126957179
137,0.582,0.5762058488985008,0.545,0.5329681086023758,0.534,0.5255263994525693
138,0.597,0.5907705886438752,0.553,0.5404454720214613,0.546,0.5375339004662831
139,0.5865,0.5821401886933693,0.561,0.5541869913210052,0.5475,0.5373412015367395
140,0.614,0.6136145272656136,0.5465,0.5338054359485457,0.5575,0.5455003550241645
141,0.5825,0.5809176574645801,0.5415,0.5327396033917773,0.551,0.541698752367374
142,0.6095,0.608200277549834,0.5395,0.5285713722066036,0.554,0.5427830904560719
143,0.613,0.6116156278408358,0.5355,0.5237886096874607,0.5585,0.547360341866967
144,0.6005,0.5966100738649223,0.5545,0.5432170222677125,0.558,0.5481468831125232
145,0.5915,0.584525443777851,0.548,0.5373218063992828,0.5575,0.5458585219140483
146,0.588,0.5848454414328904,0.538,0.5276948130217461,0.5445,0.540116388691537
147,0.5955,0.5938228407205489,0.55,0.5415455330953204,0.542,0.531388764883125
148,0.614,0.6083822824263894,0.5725,0.56149145362236,0.5415,0.5338745330266587
149,0.585,0.5841567728472128,0.55,0.5450789022271098,0.5645,0.5557074806247386
150,0.5965,0.5955043502393648,0.54,0.5324376272396808,0.5645,0.5550932014300154
151,0.6095,0.6069248513839169,0.54,0.5228281692195679,0.565,0.5557169954642092
152,0.5885,0.586514248663479,0.546,0.537954200173825,0.5675,0.5589243686577517
153,0.601,0.598727772701338,0.56,0.5539246886775736,0.5695,0.5626654670469947
154,0.608,0.6061708690557639,0.525,0.5159133025269805,0.57,0.5630165478646433
155,0.5835,0.5796510969473413,0.5405,0.5255304652942923,0.5505,0.5414573063017336
156,0.625,0.6225303861489312,0.557,0.5484757583270635,0.5575,0.5457520631162901
157,0.6115,0.6115394877873165,0.543,0.5352266490670824,0.5585,0.5470819518669262
158,0.608,0.6007013940827483,0.5525,0.5355636452636442,0.5455,0.5373705582739126
159,0.6085,0.6066751828905561,0.5605,0.5485201963395403,0.548,0.5340436124375222
160,0.59,0.584620398874999,0.564,0.5480807711477672,0.562,0.5492663993793069
161,0.617,0.6138337938268962,0.554,0.5399681690158165,0.5565,0.5463143260885784
162,0.605,0.6031546107758171,0.5535,0.5446773641495095,0.5655,0.5554173142277841
163,0.6095,0.6096095498999113,0.561,0.5524546559285145,0.564,0.5534011839660212
164,0.5985,0.5985408423391999,0.5605,0.5540306254194424,0.5725,0.5638440386184477
165,0.612,0.6079473876114725,0.5665,0.5588324494547511,0.574,0.567517733408996
166,0.585,0.5832978065462606,0.5355,0.5224234123776661,0.5495,0.5368651127018875
167,0.5875,0.5858902073198468,0.5525,0.5415259333794685,0.5655,0.5572813381618508
168,0.605,0.6033249088676074,0.5455,0.5391049029183267,0.558,0.5470700403630785
169,0.6155,0.6106086358485493,0.557,0.5461313071346309,0.556,0.5475973699674296
170,0.5985,0.5972504656509148,0.5465,0.5395048194448324,0.578,0.5682432453466185
171,0.5895,0.5885787061358331,0.5325,0.5249489838089215,0.548,0.5429181956645918
172,0.595,0.5949592798137872,0.5395,0.5337797737085506,0.5635,0.5525381571887517
173,0.6105,0.6042568028816292,0.5475,0.5394148664510734,0.5465,0.5403863112196445
174,0.6075,0.6081413287078121,0.547,0.5385318765437886,0.562,0.5518599941283865
175,0.6135,0.6080317945951236,0.565,0.5534626240362062,0.555,0.5432346670547717
176,0.605,0.6053942867367552,0.554,0.5460839932072198,0.577,0.5635365310634554
177,0.6035,0.6003615002247068,0.549,0.5398421881738912,0.5595,0.5489189372219817
178,0.5975,0.5934415408901842,0.534,0.523999986783935,0.543,0.5341553701879427
179,0.591,0.5881842137215082,0.5635,0.5569470866473542,0.5615,0.551517125632578
180,0.611,0.6089128049044401,0.549,0.5386036546459615,0.568,0.5603363420133768
181,0.6265,0.6274380799300491,0.56,0.5534718210892574,0.5875,0.5742002824338429
182,0.6,0.5980586323908127,0.543,0.5321437025706278,0.5695,0.5583902811014027
183,0.602,0.5993578378615387,0.536,0.5268928555468245,0.567,0.5556976693653773
184,0.608,0.6031095175196608,0.548,0.5370030069549481,0.548,0.541787669560733
185,0.584,0.5807175193970618,0.555,0.543177888343127,0.547,0.534056757039178
186,0.589,0.5830182084440723,0.534,0.5195125410656501,0.5345,0.5252571057340915
187,0.6035,0.5997879912584431,0.5495,0.5392375776017393,0.542,0.5358272705383215
188,0.621,0.6184699816974922,0.5485,0.535486350040958,0.5675,0.5602935823767208
189,0.587,0.5814007148019378,0.5545,0.5439633883608002,0.544,0.5354050027286207
190,0.6025,0.6000745942775102,0.546,0.533111340555483,0.5415,0.5310701070130709
191,0.6025,0.5977429189324417,0.5545,0.5446837041916845,0.549,0.5427853697586389
192,0.604,0.6015110242083609,0.54,0.5336603958969629,0.5625,0.5534978649100967
193,0.612,0.6091832249533521,0.556,0.549103497565885,0.56,0.5522591413075527
194,0.606,0.599497541090879,0.554,0.5388220173622033,0.5665,0.557041259704434
195,0.609,0.6048260262751136,0.5625,0.5468153911153587,0.5705,0.5626962664652794
196,0.6095,0.609581625476781,0.5485,0.540065181789465,0.5745,0.5642490554002948
197,0.595,0.5926102774966663,0.5625,0.5502778687779292,0.559,0.5498235058359846
198,0.5955,0.5907144359265616,0.5495,0.5394561167424582,0.5645,0.5586162613024336
199,0.604,0.6002260104813532,0.552,0.5432226050690908,0.566,0.5565934900055458
200,0.6025,0.6015337572577211,0.5595,0.5499301652188723,0.572,0.5631544555780545
201,0.5925,0.5921249524012254,0.555,0.5488168960318679,0.5575,0.5522359275594824
202,0.596,0.5880434706615021,0.551,0.5424029095659125,0.565,0.5570776409889057
203,0.6045,0.6006891773075178,0.5595,0.5524588925194461,0.564,0.5553645219404745
204,0.5925,0.5899327889264163,0.5715,0.5606783533921429,0.572,0.560417287403305
205,0.594,0.5886241816915025,0.545,0.5371336648968844,0.561,0.5510866004757786
206,0.6075,0.6057742535982857,0.5295,0.5188140765019634,0.5545,0.5479546657555849
207,0.603,0.5969712652315686,0.546,0.5376501111657476,0.544,0.5353521553979586
208,0.5945,0.5917768296700882,0.5645,0.5552244810455506,0.5665,0.5578394086775941
209,0.589,0.5862595176025075,0.5495,0.5392784188316577,0.56,0.5514463849166772
210,0.6025,0.5993356858400674,0.5735,0.5644390272757581,0.5685,0.5623384061332946
211,0.603,0.6007339023285613,0.551,0.5418102059844565,0.565,0.5541176930735161
212,0.6145,0.6146038838930294,0.546,0.5385785250471004,0.578,0.5692714376501842
213,0.603,0.6006096883515167,0.537,0.5247324266240377,0.5615,0.5523105445450095
214,0.5935,0.5936865668529775,0.557,0.5489251933398994,0.5495,0.5384815745716353
215,0.5885,0.5860586769262094,0.538,0.5272510208122599,0.548,0.537938769908099
216,0.6085,0.6050371913661428,0.553,0.541356665810326,0.5605,0.5519461637578803
217,0.592,0.5902390708992046,0.565,0.5519429117121042,0.5485,0.5372064648611065
218,0.6135,0.6122164019871228,0.5675,0.5582327615837098,0.572,0.5637030779119084
219,0.6345,0.6308821179014964,0.5545,0.546558476622274,0.568,0.5634385782240617
220,0.6145,0.6108117408489645,0.545,0.5361167374404733,0.57,0.5600007961302672
221,0.5995,0.5953427993742427,0.553,0.5428903810833344,0.564,0.5584892547937585
222,0.602,0.5981218166871912,0.561,0.5501194354919153,0.532,0.5239996143870695
223,0.6025,0.5982875520227439,0.56,0.5494157570618078,0.547,0.5368342896855416
224,0.613,0.6101852856153247,0.5635,0.5539650768604728,0.5755,0.5678594267476881
225,0.6085,0.6068510972772797,0.5445,0.533821544985669,0.585,0.5752167626270298
226,0.595,0.58729967541979,0.5555,0.5430308081870764,0.5315,0.5216791023311994
227,0.6,0.5970084687165728,0.556,0.5482763004590647,0.566,0.5582387763713875
228,0.5985,0.5947831715658962,0.551,0.5417279329802972,0.5745,0.5653236420264979
229,0.595,0.59278794430658,0.5475,0.5419521583945458,0.5655,0.5567218719830507
230,0.588,0.5841093439566899,0.533,0.5214021311550966,0.537,0.5308296398945824
231,0.613,0.6091959681113194,0.57,0.5589238105539546,0.5655,0.557709002004991
232,0.609,0.6044437480159827,0.5465,0.5323056320466698,0.5575,0.5503513877252386
233,0.586,0.5853292118835298,0.541,0.535557665672309,0.559,0.547285521966831
234,0.5955,0.5941294173979306,0.5485,0.5406256972317626,0.5625,0.5520143219111334
235,0.5955,0.592626365526654,0.5515,0.5418672317474651,0.565,0.5561272819060002
236,0.5965,0.5979292034298872,0.546,0.5383040185621785,0.5755,0.5647712819440979
237,0.5945,0.5919790015855018,0.551,0.5452278943554064,0.5575,0.5476039904800518
238,0.603,0.5988725957920856,0.5555,0.5429477406878537,0.529,0.5181859129727808
239,0.607,0.605746236914102,0.5395,0.5284940141579649,0.5615,0.5478890648676049
240,0.598,0.5902793989219622,0.5475,0.5372239012173082,0.562,0.5530136238993669
241,0.605,0.6020120276220786,0.5545,0.5431918154608166,0.5755,0.563909414334108
242,0.602,0.5955850193677565,0.5615,0.5499763520888766,0.5645,0.5587782575726463
243,0.5905,0.5870143850922923,0.5295,0.5164535415004378,0.5665,0.5565738282560441
244,0.598,0.5958612712797494,0.536,0.5331469748400458,0.566,0.5568457063029384
245,0.611,0.6053260671760189,0.5565,0.5448187212035654,0.5645,0.5535512355334967
246,0.606,0.6025687841913371,0.5525,0.5460989454520826,0.546,0.5349628376336939
247,0.6225,0.6165543181626559,0.564,0.5535907062460876,0.559,0.5513570788267009
248,0.589,0.588347255041853,0.5595,0.5514123784374195,0.5595,0.5503751180412563
249,0.5945,0.5925197021809426,0.55,0.539265911711921,0.5615,0.5514899140651424
250,0.58,0.5790300773342126,0.5535,0.5460003858068223,0.5705,0.5603143354076732
251,0.592,0.589241977748698,0.5435,0.5323197297056993,0.5565,0.5454553622692697
252,0.597,0.5950378754037845,0.5535,0.5441982429648283,0.5565,0.5465541371714769
253,0.603,0.5990511309784224,0.565,0.557598009509272,0.571,0.5624963095468182
254,0.598,0.5932713374671081,0.559,0.5485428693997266,0.56,0.5549848040502247
255,0.6225,0.6159429826496466,0.549,0.5342911239877344,0.562,0.5552411649033858
256,0.6015,0.5968749402804058,0.5565,0.5479694912212,0.559,0.5492277835630531
257,0.6005,0.596640474263736,0.534,0.5244678662969748,0.554,0.543470947363362
258,0.616,0.6170772998695374,0.5485,0.539942180766923,0.5955,0.5842363075499489
259,0.613,0.6103603603603603,0.5495,0.538139659151815,0.5545,0.5470932126443242
260,0.607,0.607288186723437,0.55,0.5414160120503697,0.5435,0.5354109828485872
261,0.5945,0.5909275997161858,0.5315,0.5230500154947969,0.5635,0.555279790936622
262,0.597,0.5943776831253629,0.561,0.5507476944760391,0.558,0.5483489253819979
263,0.591,0.587196064274509,0.5445,0.532586028434589,0.5525,0.5399128532394982
264,0.614,0.6111788725439947,0.567,0.5555675776528134,0.563,0.5521736672918225
265,0.6115,0.6102029961688842,0.5495,0.5421636077981793,0.5855,0.5732101139380826
266,0.619,0.6184417984438285,0.5625,0.5558876860601242,0.5685,0.5593499927969491
267,0.619,0.6178756351741641,0.556,0.5476301794510458,0.5675,0.5581826280477585
268,0.588,0.584141617044636,0.5345,0.5242581199157749,0.5485,0.5386447181214296
269,0.596,0.593577896840994,0.556,0.5442507969749429,0.571,0.5590702106596613
270,0.5945,0.5930122454741502,0.5455,0.5346720214190094,0.554,0.5422408373571433
271,0.5935,0.5917073592135579,0.553,0.5415524613523973,0.5565,0.5491743011671812
272,0.5935,0.5917176669611933,0.5525,0.5443833815682799,0.567,0.5592664307498453
273,0.611,0.606668978287873,0.5515,0.5416634151919214,0.5675,0.5624619490541544
274,0.6045,0.6012940442782276,0.5535,0.5393692412066943,0.565,0.5536289343220036
275,0.6045,0.6022915341549475,0.5555,0.5437891167035385,0.549,0.5415868254206431
276,0.628,0.6262266900277127,0.5595,0.5492197062927636,0.587,0.57898978521487
277,0.6115,0.6056157021875811,0.554,0.5396873154586675,0.569,0.5624979606589601
278,0.587,0.5830716577706299,0.548,0.5355510177128244,0.5425,0.5364407570351913
279,0.602,0.6014554680989036,0.553,0.5481646874816338,0.562,0.5532278218470777
280,0.583,0.5818023980152507,0.5415,0.5304258605035459,0.5655,0.5550485892090506
281,0.596,0.594392053823286,0.556,0.5471058071875213,0.563,0.550585284970973
282,0.593,0.5917342689800659,0.5345,0.5271300897747427,0.5765,0.567331302373067
283,0.5985,0.5906564721141572,0.5535,0.5386915727850993,0.5405,0.5376503916131674
284,0.6055,0.6050510562496864,0.554,0.5417716731865007,0.565,0.5542861709405272
285,0.6195,0.6166573431272472,0.5475,0.5352410771913924,0.5625,0.5507056251509622
286,0.618,0.6143588615845442,0.555,0.5416975635447235,0.555,0.5444671946485734
287,0.605,0.6042843065378236,0.561,0.551919765632659,0.585,0.5728867809933152
288,0.609,0.604155168591889,0.5515,0.5397487294159552,0.5515,0.5403804774453721
289,0.593,0.5869161868483753,0.5485,0.5401701157899321,0.544,0.5362699997446235
290,0.5915,0.587580406128133,0.5475,0.537383724576198,0.5515,0.5435571952428019
291,0.6055,0.6049368506725227,0.5545,0.5439108607701103,0.559,0.5518719675387759
292,0.6185,0.6173797391712531,0.5495,0.5369853414410878,0.5645,0.557565638873838
293,0.6015,0.6015375562028492,0.542,0.5357420561643761,0.583,0.5779871219223529
294,0.614,0.6099103675542227,0.5555,0.5424691092216866,0.5765,0.5654023665365325
295,0.601,0.593291764174607,0.5465,0.5344689684647556,0.5355,0.5273113489027995
296,0.586,0.5808240925870757,0.5365,0.5252566720892756,0.555,0.541273798101182
297,0.616,0.6109547420743363,0.5575,0.5473457790495492,0.5725,0.5654205389121768
298,0.583,0.5775784333879606,0.5375,0.5292731456041124,0.55,0.543497081183301
299,0.6205,0.6173132119525504,0.5495,0.5386928961822585,0.5535,0.5438779239376327
300,0.6135,0.6101840916495377,0.565,0.5511254368839508,0.563,0.5527855736249979
301,0.604,0.5982113599307813,0.5615,0.5522456518393105,0.559,0.5486315842551791
302,0.6105,0.6095145557843854,0.5545,0.5441394636686306,0.5635,0.5540222063370975
303,0.5865,0.5874655616427283,0.5695,0.5633519384831601,0.5725,0.565608861781274
304,0.5875,0.5870378483824724,0.549,0.5411546193375217,0.55,0.5410721336701216
305,0.593,0.59206580044538,0.5515,0.5432385409699673,0.556,0.5481566386513949
306,0.5775,0.5745941063880993,0.5615,0.5531961567549081,0.5685,0.5569362531554712
307,0.596,0.5915915938795393,0.54,0.5283955082450319,0.56,0.554384870964483
308,0.605,0.6024417324521114,0.5575,0.5475062943617818,0.542,0.5296143965533334
309,0.6215,0.6177831953600778,0.543,0.5261383492650838,0.5635,0.5557007784797069
310,0.582,0.5800053827367017,0.5635,0.5527552416530209,0.5675,0.5563432983300821
311,0.6015,0.6014388823016684,0.5425,0.5332568446001098,0.5565,0.546967407553065
312,0.618,0.6152708443442753,0.5495,0.5413125277679866,0.5715,0.5632825447951498
313,0.6125,0.6103473659995399,0.5515,0.5440167647000366,0.572,0.5613351077025888
314,0.6075,0.6021941471741407,0.5505,0.5384282430135042,0.5585,0.5498437079735657
315,0.61,0.6076129528033168,0.552,0.5407164792339096,0.5605,0.5529160040231789
316,0.612,0.6113145404998838,0.549,0.5440850697612087,0.5575,0.5448568550232448
317,0.61,0.608451579992281,0.5655,0.5562059914425962,0.5725,0.5581427982229842
318,0.5925,0.5884824616791878,0.5415,0.5332331567941807,0.545,0.5385734582626589
319,0.6125,0.6090238632941801,0.543,0.5323306240855067,0.57,0.5613030634801152
320,0.5955,0.5942207138530035,0.54,0.5321485906997101,0.5475,0.5392355977679216
321,0.6175,0.614563619586896,0.5405,0.5346498569196518,0.5585,0.5514874682192488
322,0.5935,0.5919083395737369,0.5455,0.5357752065574625,0.5665,0.5577420777610587
323,0.616,0.6113629605075724,0.572,0.5615780679283723,0.5705,0.5582614777230469
324,0.6075,0.6070327097037124,0.554,0.5471003686231,0.563,0.551491241703559
325,0.6185,0.61796970750035,0.5395,0.5308040950549565,0.545,0.5350687344109445
326,0.6065,0.6044792835853544,0.5425,0.5345080829129009,0.553,0.5439037822367548
327,0.5975,0.5957765580863765,0.5585,0.5501350805435917,0.5665,0.556554922801956
328,0.592,0.5908151318723944,0.5405,0.5313854334187963,0.559,0.5509187005150538
329,0.606,0.60517086994588,0.555,0.5481506850915958,0.5585,0.5518117664098384
330,0.596,0.5940363223525335,0.538,0.5306622455441066,0.554,0.5477353795469422
331,0.5925,0.5897920543340783,0.5335,0.5253731285330505,0.56,0.5546010622760386
332,0.5995,0.5970753194678603,0.547,0.5396004672297284,0.5725,0.5621824349985601
333,0.5855,0.5814599415532729,0.5555,0.5495198471919395,0.553,0.5440779702618294
334,0.599,0.59525900130022,0.544,0.5300941652080059,0.5525,0.5458762055768335
335,0.5795,0.5772732867007243,0.544,0.5353125440341442,0.557,0.548387772636821
336,0.607,0.6030474304762165,0.5395,0.5285132712647522,0.5655,0.5563077913848509
337,0.5945,0.5898422675137696,0.5555,0.5445444684460723,0.567,0.554894195576091
338,0.605,0.5998514664698759,0.562,0.5535709117336718,0.5615,0.5563424472370321
339,0.596,0.59230707599933,0.5555,0.5447907343439726,0.562,0.5534577411365015
340,0.6015,0.5949689083075714,0.5665,0.5546415118420581,0.5525,0.5451549790105984
341,0.6005,0.5982632766669275,0.5695,0.5649476551787519,0.569,0.5583169099211078
342,0.6145,0.6141031285061914,0.5555,0.546460333563005,0.557,0.5471649421363912
343,0.576,0.5731070580260675,0.5595,0.5521552588163355,0.5415,0.5317390142039978
344,0.6175,0.6118006077350829,0.558,0.5481348060954928,0.559,0.5476800620493317
345,0.5995,0.5954158916961667,0.5535,0.5396792041558892,0.563,0.5541705405498852
346,0.605,0.6034941916428592,0.5425,0.5332147540375675,0.558,0.5482456608288503
347,0.6055,0.6020938233357261,0.557,0.5478533324265574,0.5545,0.5451108497799965
348,0.611,0.6069762390163179,0.551,0.5380989343378061,0.5685,0.5633544654424009
349,0.6025,0.6023006415560457,0.559,0.5503774831933151,0.571,0.5594687939956482
350,0.5995,0.5991675647751643,0.544,0.5319708891017102,0.565,0.556252595941736
351,0.6005,0.5983020112969225,0.535,0.5266336209148043,0.564,0.5545480441246161
352,0.607,0.6058431982829102,0.5525,0.5465046138660336,0.569,0.5616351998287109
353,0.605,0.603483451197659,0.549,0.538522341382767,0.573,0.5618118823899744
354,0.609,0.6054558638475932,0.5345,0.5196452821468714,0.556,0.54768181311142
355,0.5935,0.5927790112596832,0.5495,0.5390046474017454,0.558,0.5502035995927953
356,0.6055,0.6065297223484132,0.543,0.5349772826884327,0.5795,0.5675353957078554
357,0.601,0.5979282103453454,0.5525,0.5419187927774081,0.5575,0.5486376350402625
358,0.6185,0.6147697876913325,0.547,0.5354208919376243,0.5655,0.5546093159533708
359,0.61,0.6064315996357784,0.5615,0.5510246240386296,0.562,0.5501327043383119
360,0.603,0.6023616236847283,0.556,0.547438191572904,0.5625,0.5534123341183873
361,0.6135,0.6114090919066415,0.5485,0.5335710811031755,0.5625,0.5483276503693927
362,0.5925,0.5896408633121708,0.5495,0.5428694635814416,0.566,0.5577690030175565
363,0.619,0.616078822556637,0.5555,0.5479255213699176,0.557,0.5491071150903766
364,0.61,0.6036349419210069,0.5545,0.5442967377238487,0.552,0.5475910075685552
365,0.6115,0.608287831539193,0.552,0.5455420942697765,0.579,0.5696292072830196
366,0.617,0.6133291221097481,0.5405,0.5334586898625351,0.5645,0.5569583870699982
367,0.6015,0.5991240839347466,0.5365,0.5271870970204592,0.556,0.5473070188416395
368,0.615,0.6138526808455601,0.543,0.534699425827184,0.573,0.5628162363557004
369,0.613,0.6115295507345885,0.563,0.5535382385178184,0.5795,0.5709768794873352
370,0.6095,0.6079985168199247,0.5535,0.5439689364735152,0.5685,0.5605415242123867
371,0.6005,0.5956856118009116,0.5385,0.5251376780319378,0.56,0.5477916446414803
372,0.611,0.6096745605499194,0.5555,0.5472236949938591,0.567,0.5574210005287256
373,0.597,0.5946458340885469,0.556,0.545971600212391,0.568,0.5579264058986696
374,0.605,0.6006746356056502,0.552,0.5458416493504089,0.5615,0.554565628076524
375,0.6,0.5966267953171771,0.5435,0.532673617103859,0.5575,0.5466617754996137
376,0.612,0.6106222211023763,0.561,0.5465646985590179,0.559,0.5511284079499404
377,0.6145,0.6154801876086585,0.542,0.5322867863021384,0.5625,0.5490898043768004
378,0.5985,0.596147119643324,0.5545,0.5482246882060465,0.5775,0.5695079356121177
379,0.601,0.5993408327171538,0.538,0.5274024312147164,0.547,0.5383152207874099
380,0.598,0.590783682449727,0.5505,0.5335227853867619,0.5395,0.5315179663221766
381,0.5855,0.5829205750153658,0.539,0.5297212017627587,0.556,0.5448975669496644
382,0.6115,0.6064864762074893,0.5685,0.5525698463003245,0.5585,0.5475603068428768
383,0.5985,0.5929824372270415,0.544,0.5338909395612766,0.5525,0.5448426251632427
384,0.6185,0.6133129673328623,0.553,0.5399179838769576,0.55,0.5405155279399149
385,0.5935,0.589757419898298,0.5645,0.5571354905744148,0.549,0.5348876379187681
386,0.598,0.5956777811345842,0.562,0.554984113143593,0.5685,0.5584757467477256
387,0.596,0.593484826566821,0.551,0.5403795214875741,0.5525,0.5433687795355463
388,0.6105,0.6092185665216976,0.5525,0.5396291953752411,0.5515,0.5425308488144999
389,0.605,0.6013202077762339,0.5595,0.5525462061944447,0.56,0.5527724896326282
390,0.614,0.6108822540818329,0.563,0.5508147420399075,0.5605,0.5511544021944054
391,0.6085,0.6068157057225104,0.58,0.5712329311767411,0.57,0.5599514333810472
392,0.606,0.6029606029958684,0.5545,0.5444941237260307,0.5665,0.5583667164749092
393,0.6005,0.6013009729955733,0.537,0.5268145030695514,0.5565,0.5478555450587868
394,0.598,0.5943448900570597,0.543,0.53202316760509,0.569,0.5579989429502015
395,0.601,0.5984504941419596,0.5475,0.5388065477582549,0.577,0.5693567088215836
396,0.607,0.6036458360939173,0.5595,0.5504582367824368,0.562,0.5546576823062391
397,0.5945,0.5896271295026904,0.5475,0.5367072893241068,0.56,0.552120389421647
398,0.6145,0.6125896075480983,0.563,0.5562481500687176,0.569,0.557425188265831
399,0.5985,0.5997240201552694,0.5485,0.5410493067316016,0.5655,0.5546923989723364
400,0.6015,0.5975230048819068,0.5415,0.5318416037346086,0.5495,0.5432598209936111
401,0.603,0.6007698024387268,0.558,0.548237732075183,0.5755,0.5665857247954617
402,0.6115,0.6108574618826581,0.546,0.5375694425606362,0.573,0.5596550711940621
403,0.6035,0.5996806419264482,0.5715,0.5611139920790765,0.566,0.5555732322605601
404,0.5845,0.5820303835932363,0.5425,0.5313806097738435,0.5505,0.5408338721656162
405,0.6045,0.6012146197834564,0.542,0.5332900529287846,0.5695,0.5615676259555897
406,0.595,0.5902563890426884,0.5475,0.5370395022319694,0.5645,0.555209820798098
407,0.6145,0.6129195093796201,0.5565,0.5473145664237441,0.552,0.5418035614458908
408,0.612,0.6105082026714301,0.549,0.5384367055403013,0.5835,0.5770357592115211
409,0.595,0.5922328460986549,0.55,0.5393456885161189,0.5605,0.5528884193609148
410,0.5985,0.597088660887159,0.546,0.5340690918675483,0.5685,0.5569614948944624
411,0.6055,0.6024016553406492,0.5445,0.5330469140501157,0.56,0.5544762589635733
412,0.5935,0.5923976740756979,0.5515,0.5400088921397787,0.555,0.5441414507590978
413,0.611,0.6075687778656507,0.5625,0.5514154960074212,0.547,0.5390916238547732
414,0.5925,0.589486235547426,0.548,0.5379350607180097,0.55,0.5421577590966246
415,0.602,0.5988623890736933,0.5665,0.5570007275865991,0.5655,0.5585468391660561
416,0.608,0.6047904778003398,0.5515,0.5417940196743003,0.5615,0.5531730450655586
417,0.5835,0.582819101813143,0.535,0.5266510555533302,0.5635,0.5525535393327455
418,0.6025,0.599043792997365,0.5465,0.534466625276846,0.557,0.5503071652927832
419,0.5915,0.5868376470012634,0.5395,0.5319240316708032,0.542,0.5349967758904894
420,0.5795,0.5782833457387412,0.5375,0.5286835167867112,0.564,0.5539573820395738
421,0.599,0.5927897776565486,0.5655,0.5530873982527323,0.546,0.536175415865694
422,0.6125,0.6112911529564153,0.5455,0.5355236581639079,0.5485,0.5390900739833637
423,0.599,0.5932317855516458,0.553,0.5411917322896044,0.5605,0.5514427465568948
424,0.618,0.615302286935108,0.5345,0.5218664265155287,0.558,0.5509644614695977
425,0.6025,0.6009146835033188,0.546,0.5368672171634478,0.57,0.5587787116073848
426,0.597,0.5935063255920525,0.5325,0.520813017716522,0.54,0.5303043130534453
427,0.6085,0.6050127939136956,0.542,0.5287105297106436,0.5455,0.534613649413381
428,0.6035,0.6026289757486867,0.548,0.5413613517713997,0.5585,0.5513436081976996
429,0.6,0.5958432597259644,0.548,0.5407760773942688,0.5575,0.5480246692309663
430,0.6145,0.6107788833713008,0.5525,0.5405184555711225,0.563,0.550215840840841
431,0.611,0.6106865415220101,0.547,0.5373101063273084,0.574,0.561254345761443
432,0.584,0.5786103634113139,0.557,0.5430401113674869,0.551,0.538668894796208
433,0.597,0.5948723758382398,0.561,0.5508285003113955,0.554,0.5407880888382334
434,0.6,0.5989811891271745,0.5575,0.5492324481426337,0.5675,0.5576529323882745
435,0.619,0.6168892476171853,0.5435,0.5328409634695223,0.5535,0.5453173509005702
436,0.5995,0.5943452825806649,0.566,0.5495542735838003,0.543,0.5360488476017631
437,0.611,0.6056994977081294,0.561,0.5511973373876405,0.5815,0.5716875634495149
438,0.606,0.6026693118545506,0.543,0.53018259452289,0.556,0.5492022041311168
439,0.602,0.6020794782661524,0.553,0.5468112573058982,0.559,0.5457096009536795
440,0.607,0.606676236029396,0.5415,0.5296997477044142,0.5635,0.5504181413825618
441,0.6035,0.6016680212060773,0.5505,0.541241214821325,0.5685,0.5630884284490386
442,0.606,0.602495685950927,0.5575,0.5478381822752802,0.57,0.5598345924137907
443,0.573,0.5658943326309057,0.541,0.5328238533162689,0.534,0.5293776907221915
444,0.586,0.5813157566432404,0.552,0.5413099444347219,0.544,0.5369145189427602
445,0.6165,0.6127521238935907,0.564,0.552640637115094,0.575,0.5682455964636828
446,0.6055,0.6037740131269383,0.5645,0.557198547707123,0.557,0.5458142476751902
447,0.603,0.6022852297234507,0.5385,0.5294997758074252,0.5695,0.5601876118194679
448,0.6095,0.6040342979289955,0.5545,0.5433342661875628,0.56,0.5540125813617203
449,0.6055,0.6001679223742897,0.551,0.5403360767600881,0.5605,0.5525479051575464
450,0.6115,0.606615696088884,0.556,0.5448411620876037,0.5635,0.5574116317136327
451,0.6045,0.6000371520924075,0.5435,0.5323288948411488,0.545,0.5370141164782898
452,0.5995,0.5978516774522661,0.547,0.5398628544917311,0.553,0.5454199185939601
453,0.6075,0.6030955530955531,0.5485,0.5410037450114425,0.5625,0.5546413696847923
454,0.601,0.596431712725965,0.5495,0.5395423923649562,0.5445,0.5339071169445745
455,0.597,0.5939708640431692,0.522,0.5118292277165458,0.55,0.5422808283696194
456,0.6115,0.6075020207146751,0.546,0.5387589750852282,0.563,0.5537754175251669
457,0.6185,0.6151362377886024,0.541,0.5321348909848606,0.5635,0.5555481024599834
458,0.62,0.617619953148684,0.5625,0.5514219391005136,0.5765,0.5637128824667844
459,0.5895,0.5895504931953641,0.542,0.5311367937427572,0.5625,0.5521975568628049
460,0.6095,0.6062957519902555,0.562,0.5553318614011737,0.566,0.5596797764895849
461,0.6025,0.6024133640216612,0.5595,0.5525504856833874,0.5715,0.5620707031647378
462,0.609,0.605315442329544,0.5495,0.5340689154289778,0.576,0.5703236422173436
463,0.605,0.5990029107847229,0.54,0.5278230920577599,0.5535,0.5461856579745431
464,0.62,0.6164952977020769,0.548,0.538840735912972,0.564,0.5581411346686681
465,0.593,0.5918939326110962,0.5545,0.546955195868788,0.558,0.5491901446715479
466,0.594,0.5931871487971251,0.534,0.5243582951158959,0.5785,0.5664570381496952
467,0.6055,0.6044291710483232,0.5555,0.5457920680142903,0.566,0.5567112866450011
468,0.58,0.5768108043429403,0.5375,0.5290542951278018,0.544,0.5333072804559914
469,0.6245,0.6208459440632871,0.551,0.5385405401153828,0.564,0.5583256474625099
470,0.6025,0.6006046896679087,0.547,0.5394471903042318,0.56,0.5486567864806841
471,0.6045,0.6021375864435435,0.5495,0.5421300463997059,0.56,0.5499776092275216
472,0.6075,0.607867491424361,0.554,0.5481804496020629,0.575,0.5627845602069164
473,0.6065,0.6034941992460062,0.563,0.5524430149669031,0.557,0.5451461781293715
474,0.584,0.5832493897303755,0.546,0.5381643563945658,0.5535,0.5432436845270537
475,0.6065,0.6020176735873508,0.5515,0.5385016635386638,0.549,0.5422444621931838
476,0.611,0.60698630042412,0.5505,0.542053653146153,0.5615,0.5551365356254211
477,0.6025,0.5988566982824749,0.5485,0.5324727331808999,0.5565,0.5510184541314493
478,0.5995,0.5954306730110893,0.5485,0.5426152064601434,0.5605,0.5530852475969694
479,0.6065,0.6009274215595991,0.554,0.5430616008685606,0.5535,0.5490396297028525
480,0.5975,0.5966809089833628,0.5485,0.5416299108454319,0.5635,0.5540324589682889
481,0.6025,0.5953107934691723,0.549,0.542665008612523,0.555,0.5487800346710315
482,0.5895,0.585728831284856,0.5625,0.5521135136127235,0.566,0.5566408843508722
483,0.611,0.610496118455886,0.545,0.5351533360428071,0.5765,0.5668029356116349
484,0.598,0.592268723580078,0.557,0.5498725674751994,0.571,0.5587732296565434
485,0.6055,0.6031949718080742,0.5685,0.5593342979381296,0.5725,0.562456827778294
486,0.5855,0.5824587817192367,0.5385,0.5302238141270803,0.562,0.551429432664901
487,0.596,0.5916514312657565,0.5575,0.54892752452696,0.5545,0.5495797859428445
488,0.591,0.5842227781905592,0.5485,0.5360307546442774,0.5335,0.5260599060164214
489,0.612,0.6108569037162838,0.5465,0.5374764874059773,0.5695,0.5592058320876276
490,0.603,0.6000014699745385,0.551,0.5379095296447127,0.56,0.5478805210844002
491,0.602,0.5985194224459907,0.546,0.5371239745032862,0.549,0.5362250458473156
492,0.609,0.6062093869971683,0.5435,0.5322750047726,0.5545,0.5452555946642009
493,0.5945,0.5911715255433775,0.5455,0.5368718878001435,0.568,0.5594509872820644
494,0.619,0.6168508117895769,0.5505,0.5423461149118475,0.571,0.563182126577403
495,0.627,0.6220001991711791,0.5385,0.5287490613435699,0.5545,0.5469244528377802
496,0.5945,0.5912368871242286,0.547,0.5367899683756141,0.5695,0.5588209944219339
497,0.601,0.5995666728086139,0.526,0.5176271313740123,0.551,0.5371420735207857
498,0.6005,0.5938395907787957,0.5575,0.5445819110801334,0.543,0.5359438447032093
499,0.6195,0.6202662500145876,0.558,0.5529063928142604,0.571,0.5636011197167609
500,0.594,0.5920892488037958,0.537,0.5234123790994497,0.538,0.5302069730844108
